Region,Storage,Hour,Fuel,Value
DE,Battery,1,Power,24.875
DE,Battery,2,Power,6.232106481481484
DE,Battery,3,Power,3.4867933011737446
DE,Battery,4,Power,4.663771238720976
DE,Battery,5,Power,19.64045238252737
DE,Battery,6,Power,19.542250120614735
DE,Battery,7,Power,16.20648032221758
DE,Battery,8,Power,4.03213955622407
DE,Battery,9,Power,-0.0
DE,Battery,10,Power,-0.0
DE,Battery,11,Power,-0.0
DE,Battery,12,Power,-0.0
DE,Battery,13,Power,-0.0
DE,Battery,14,Power,-0.0
DE,Battery,15,Power,-0.0
DE,Battery,16,Power,0.0
DE,Battery,17,Power,-0.0
DE,Battery,18,Power,-0.0
DE,Battery,19,Power,-0.0
DE,Battery,20,Power,-0.0
DE,Battery,21,Power,-0.0
DE,Battery,22,Power,-0.0
DE,Battery,23,Power,-0.0
DE,Battery,24,Power,-0.0
DE,Battery,25,Power,-0.0
DE,Battery,26,Power,0.0
DE,Battery,27,Power,0.0
DE,Battery,28,Power,0.0
DE,Battery,29,Power,14.999999999999998
DE,Battery,30,Power,29.924999999999997
DE,Battery,31,Power,44.775375
DE,Battery,32,Power,47.230273210090935
DE,Battery,33,Power,49.02406000493373
DE,Battery,34,Power,50.0
DE,Battery,35,Power,50.0
DE,Battery,36,Power,50.0
DE,Battery,37,Power,43.480705864309805
DE,Battery,38,Power,24.744783816469738
DE,Battery,39,Power,6.1025413788688745
DE,Battery,40,Power,0.0
DE,Battery,41,Power,0.0
DE,Battery,42,Power,0.1146255796653372
DE,Battery,43,Power,15.11405245176701
DE,Battery,44,Power,30.038482189508173
DE,Battery,45,Power,34.82472931998503
DE,Battery,46,Power,25.04159631547269
DE,Battery,47,Power,9.132258198205129
DE,Battery,48,Power,0.0
DE,Battery,49,Power,0.0
DE,Battery,50,Power,0.0
DE,Battery,51,Power,0.0
DE,Battery,52,Power,13.31592395815398
DE,Battery,53,Power,28.24934433836321
DE,Battery,54,Power,41.20876234718485
DE,Battery,55,Power,47.65761007545417
DE,Battery,56,Power,50.0
DE,Battery,57,Power,49.75
DE,Battery,58,Power,50.0
DE,Battery,59,Power,41.3678942037037
DE,Battery,60,Power,22.642536214166665
DE,Battery,61,Power,20.128044212220445
DE,Battery,62,Power,32.26991302125028
DE,Battery,63,Power,33.67291169623497
DE,Battery,64,Power,31.203623261322853
DE,Battery,65,Power,23.110255490807518
DE,Battery,66,Power,23.463663983444416
DE,Battery,67,Power,20.006808564874035
DE,Battery,68,Power,19.199913534507616
DE,Battery,69,Power,32.800150156926016
DE,Battery,70,Power,39.73313667623232
DE,Battery,71,Power,28.651379894197987
DE,Battery,72,Power,9.98960447620848
DE,Battery,73,Power,0.0
DE,Battery,74,Power,0.0
DE,Battery,75,Power,2.038531241135999
DE,Battery,76,Power,17.028338584930317
DE,Battery,77,Power,31.943196892005666
DE,Battery,78,Power,46.78348090754564
DE,Battery,79,Power,50.0
DE,Battery,80,Power,49.75
DE,Battery,81,Power,49.50125
DE,Battery,82,Power,50.0
DE,Battery,83,Power,45.63073513647232
DE,Battery,84,Power,45.40258146078995
DE,Battery,85,Power,46.14313273357695
DE,Battery,86,Power,50.0
DE,Battery,87,Power,50.0
DE,Battery,88,Power,50.0
DE,Battery,89,Power,48.82865375319869
DE,Battery,90,Power,46.74535090429805
DE,Battery,91,Power,46.11926623630858
DE,Battery,92,Power,43.40598321388128
DE,Battery,93,Power,34.60389482878834
DE,Battery,94,Power,17.03094410784309
DE,Battery,95,Power,3.959198498553341
DE,Battery,96,Power,-0.0
DE,Battery,97,Power,-0.0
DE,Battery,98,Power,-0.0
DE,Battery,99,Power,0.0
DE,Battery,100,Power,0.0
DE,Battery,101,Power,0.0
DE,Battery,102,Power,0.0
DE,Battery,103,Power,0.0
DE,Battery,104,Power,4.147669334900009
DE,Battery,105,Power,19.126930988225507
DE,Battery,106,Power,34.031296333284374
DE,Battery,107,Power,48.86113985161795
DE,Battery,108,Power,42.317670350002984
DE,Battery,109,Power,23.587563479734452
DE,Battery,110,Power,4.951107143817264
DE,Battery,111,Power,1.9285754416793073
DE,Battery,112,Power,0.0
DE,Battery,113,Power,0.0
DE,Battery,114,Power,0.0
DE,Battery,115,Power,-0.0
DE,Battery,116,Power,0.0
DE,Battery,117,Power,0.0
DE,Battery,118,Power,0.0
DE,Battery,119,Power,10.05025125628141
DE,Battery,120,Power,25.0
DE,PHS,1,Power,979.3921568627451
DE,PHS,2,Power,958.8049215686274
DE,PHS,3,Power,938.2382735098039
DE,PHS,4,Power,917.6921920990392
DE,PHS,5,Power,903.7153368742336
DE,PHS,6,Power,883.2037784001044
DE,PHS,7,Power,862.7127314844494
DE,PHS,8,Power,842.24217561571
DE,PHS,9,Power,821.7920903028394
DE,PHS,10,Power,801.3624550752816
DE,PHS,11,Power,780.9532494829514
DE,PHS,12,Power,760.5644530962135
DE,PHS,13,Power,740.1960455058623
DE,PHS,14,Power,719.8480063231016
DE,PHS,15,Power,699.5203151795235
DE,PHS,16,Power,679.2129517270891
DE,PHS,17,Power,673.7062975241928
DE,PHS,18,Power,653.4247480894137
DE,PHS,19,Power,633.1634802040694
DE,PHS,20,Power,612.9224735866104
DE,PHS,21,Power,592.7017079757688
DE,PHS,22,Power,572.5011631305382
DE,PHS,23,Power,552.3208188301528
DE,PHS,24,Power,532.1606548740677
DE,PHS,25,Power,512.0206510819388
DE,PHS,26,Power,491.900787293602
DE,PHS,27,Power,494.7165908763993
DE,PHS,28,Power,509.2218742855229
DE,PHS,29,Power,523.7126524112374
DE,PHS,30,Power,538.1889397588261
DE,PHS,31,Power,552.6507508190673
DE,PHS,32,Power,567.0981000682482
DE,PHS,33,Power,581.5310019681799
DE,PHS,34,Power,595.9494709662117
DE,PHS,35,Power,610.3535214952456
DE,PHS,36,Power,616.105190479614
DE,PHS,37,Power,615.4890852891343
DE,PHS,38,Power,607.4595036680163
DE,PHS,39,Power,600.540356569696
DE,PHS,40,Power,580.9131940750743
DE,PHS,41,Power,572.9787387373273
DE,PHS,42,Power,577.6253089390156
DE,PHS,43,Power,580.3338161101675
DE,PHS,44,Power,581.1565888792572
DE,PHS,45,Power,580.575432290378
DE,PHS,46,Power,579.9948568580876
DE,PHS,47,Power,579.4148620012295
DE,PHS,48,Power,578.8354471392282
DE,PHS,49,Power,593.256611692089
DE,PHS,50,Power,607.6633550803969
DE,PHS,51,Power,622.0556917253165
DE,PHS,52,Power,636.4336360335911
DE,PHS,53,Power,650.7972023975575
DE,PHS,54,Power,665.1464051951599
DE,PHS,55,Power,679.4812587899647
DE,PHS,56,Power,693.8017775311747
DE,PHS,57,Power,708.1079757536436
DE,PHS,58,Power,722.39986777789
DE,PHS,59,Power,736.6774679101121
DE,PHS,60,Power,750.940790442202
DE,PHS,61,Power,765.1898496517598
DE,PHS,62,Power,779.4246598021081
DE,PHS,63,Power,793.645235142306
DE,PHS,64,Power,807.8515899071637
DE,PHS,65,Power,822.0437383172565
DE,PHS,66,Power,836.2216945789393
DE,PHS,67,Power,850.3854728843603
DE,PHS,68,Power,864.535087411476
DE,PHS,69,Power,878.6705523240645
DE,PHS,70,Power,892.7918817717405
DE,PHS,71,Power,906.8990898899688
DE,PHS,72,Power,914.4707929851697
DE,PHS,73,Power,928.5563221921846
DE,PHS,74,Power,942.6277658699923
DE,PHS,75,Power,956.6851381041223
DE,PHS,76,Power,970.7284529660182
DE,PHS,77,Power,984.7577245130522
DE,PHS,78,Power,998.7729667885391
DE,PHS,79,Power,1012.7741938217505
DE,PHS,80,Power,1026.7614196279287
DE,PHS,81,Power,1040.7346582083007
DE,PHS,82,Power,1054.6939235500924
DE,PHS,83,Power,1068.6392296265424
DE,PHS,84,Power,1082.5705903969158
DE,PHS,85,Power,1096.4880198065189
DE,PHS,86,Power,1110.3915317867124
DE,PHS,87,Power,1124.2811402549257
DE,PHS,88,Power,1125.3735092547618
DE,PHS,89,Power,1124.248135745507
DE,PHS,90,Power,1123.1238876097614
DE,PHS,91,Power,1122.0007637221515
DE,PHS,92,Power,1120.8787629584294
DE,PHS,93,Power,1119.757884195471
DE,PHS,94,Power,1118.6381263112755
DE,PHS,95,Power,1102.457618394087
DE,PHS,96,Power,1081.747317638438
DE,PHS,97,Power,1066.7087899455114
DE,PHS,98,Power,1050.726661626154
DE,PHS,99,Power,1040.9518224351161
DE,PHS,100,Power,1027.1454277847954
DE,PHS,101,Power,1006.5104392197558
DE,PHS,102,Power,986.2942895601169
DE,PHS,103,Power,985.3079952705568
DE,PHS,104,Power,984.3226872752863
DE,PHS,105,Power,992.171042628102
DE,PHS,106,Power,1003.4920392555648
DE,PHS,107,Power,1005.4326025664002
DE,PHS,108,Power,1004.4271699638338
DE,PHS,109,Power,1003.4227427938699
DE,PHS,110,Power,1002.419320051076
DE,PHS,111,Power,1001.416900731025
DE,PHS,112,Power,981.6956655458785
DE,PHS,113,Power,976.2059306453008
DE,PHS,114,Power,968.1448743031532
DE,PHS,115,Power,967.1767294288501
DE,PHS,116,Power,960.4508347585072
DE,PHS,117,Power,959.4903839237487
DE,PHS,118,Power,971.9579439299159
DE,PHS,119,Power,985.985985985986
DE,PHS,120,Power,1000.0
DE,H2Tank,1,H2,0.17795114173452548
DE,H2Tank,2,H2,0.17195699801294145
DE,H2Tank,3,H2,0.16596285429135743
DE,H2Tank,4,H2,0.1599687105697734
DE,H2Tank,5,H2,0.1539745668481894
DE,H2Tank,6,H2,0.14798042312660536
DE,H2Tank,7,H2,0.14198627940502134
DE,H2Tank,8,H2,0.13599213568343732
DE,H2Tank,9,H2,0.1299979919618533
DE,H2Tank,10,H2,0.12400384824026929
DE,H2Tank,11,H2,0.11800970451868528
DE,H2Tank,12,H2,0.11201556079710127
DE,H2Tank,13,H2,0.10602141707551727
DE,H2Tank,14,H2,0.10002727335393326
DE,H2Tank,15,H2,0.09403312963234925
DE,H2Tank,16,H2,0.08803898591076524
DE,H2Tank,17,H2,0.08204484218918123
DE,H2Tank,18,H2,0.07605069846759722
DE,H2Tank,19,H2,0.07005655474601322
DE,H2Tank,20,H2,0.06406241102442921
DE,H2Tank,21,H2,0.05806826730284519
DE,H2Tank,22,H2,0.05207412358126118
DE,H2Tank,23,H2,0.04607997985967716
DE,H2Tank,24,H2,0.04008583613809315
DE,H2Tank,25,H2,0.03409169241650913
DE,H2Tank,26,H2,0.02809754869492512
DE,H2Tank,27,H2,0.02210340497334111
DE,H2Tank,28,H2,0.016109261251757098
DE,H2Tank,29,H2,0.0539472934942562
DE,H2Tank,30,H2,0.0917853257367553
DE,H2Tank,31,H2,0.1296233579792544
DE,H2Tank,32,H2,0.12362921425767039
DE,H2Tank,33,H2,0.11763507053608638
DE,H2Tank,34,H2,0.11164092681450237
DE,H2Tank,35,H2,0.10564678309291836
DE,H2Tank,36,H2,0.09965263937133435
DE,H2Tank,37,H2,0.09365849564975035
DE,H2Tank,38,H2,0.08766435192816634
DE,H2Tank,39,H2,0.08167020820658233
DE,H2Tank,40,H2,0.07567606448499832
DE,H2Tank,41,H2,0.06968192076341431
DE,H2Tank,42,H2,0.0636877770418303
DE,H2Tank,43,H2,0.05769363332024629
DE,H2Tank,44,H2,0.051699489598662274
DE,H2Tank,45,H2,0.04570534587707826
DE,H2Tank,46,H2,0.039711202155494243
DE,H2Tank,47,H2,0.03371705843391023
DE,H2Tank,48,H2,0.027722914712326217
DE,H2Tank,49,H2,0.021728770990742205
DE,H2Tank,50,H2,0.05956680323324129
DE,H2Tank,51,H2,0.09740483547574039
DE,H2Tank,52,H2,0.13524286771823948
DE,H2Tank,53,H2,0.17308089996073858
DE,H2Tank,54,H2,0.21091893220323768
DE,H2Tank,55,H2,0.24875696444573678
DE,H2Tank,56,H2,0.28659499668823585
DE,H2Tank,57,H2,0.2806008529666518
DE,H2Tank,58,H2,0.2746067092450678
DE,H2Tank,59,H2,0.2686125655234838
DE,H2Tank,60,H2,0.26261842180189976
DE,H2Tank,61,H2,0.25662427808031574
DE,H2Tank,62,H2,0.2506301343587317
DE,H2Tank,63,H2,0.2446359906371477
DE,H2Tank,64,H2,0.23864184691556367
DE,H2Tank,65,H2,0.23264770319397965
DE,H2Tank,66,H2,0.22665355947239563
DE,H2Tank,67,H2,0.2206594157508116
DE,H2Tank,68,H2,0.21466527202922758
DE,H2Tank,69,H2,0.20867112830764356
DE,H2Tank,70,H2,0.20267698458605954
DE,H2Tank,71,H2,0.19668284086447552
DE,H2Tank,72,H2,0.1906886971428915
DE,H2Tank,73,H2,0.18469455342130747
DE,H2Tank,74,H2,0.17870040969972345
DE,H2Tank,75,H2,0.21653844194222274
DE,H2Tank,76,H2,0.25437647418472187
DE,H2Tank,77,H2,0.29221450642722097
DE,H2Tank,78,H2,0.33005253866972006
DE,H2Tank,79,H2,0.367890570912219
DE,H2Tank,80,H2,0.367890570912219
DE,H2Tank,81,H2,0.367890570912219
DE,H2Tank,82,H2,0.367890570912219
DE,H2Tank,83,H2,0.361896427190635
DE,H2Tank,84,H2,0.35590228346905095
DE,H2Tank,85,H2,0.34990813974746693
DE,H2Tank,86,H2,0.3439139960258829
DE,H2Tank,87,H2,0.3379198523042989
DE,H2Tank,88,H2,0.33192570858271486
DE,H2Tank,89,H2,0.32593156486113084
DE,H2Tank,90,H2,0.3199374211395468
DE,H2Tank,91,H2,0.3139432774179628
DE,H2Tank,92,H2,0.3079491336963788
DE,H2Tank,93,H2,0.30195498997479475
DE,H2Tank,94,H2,0.29596084625321073
DE,H2Tank,95,H2,0.2899667025316267
DE,H2Tank,96,H2,0.2839725588100427
DE,H2Tank,97,H2,0.27797841508845866
DE,H2Tank,98,H2,0.27198427136687464
DE,H2Tank,99,H2,0.2659901276452906
DE,H2Tank,100,H2,0.2599959839237066
DE,H2Tank,101,H2,0.2540018402021226
DE,H2Tank,102,H2,0.24800769648053855
DE,H2Tank,103,H2,0.24201355275895453
DE,H2Tank,104,H2,0.2360194090373705
DE,H2Tank,105,H2,0.2300252653157865
DE,H2Tank,106,H2,0.22403112159420246
DE,H2Tank,107,H2,0.21803697787261844
DE,H2Tank,108,H2,0.21204283415103442
DE,H2Tank,109,H2,0.2060486904294504
DE,H2Tank,110,H2,0.20005454670786638
DE,H2Tank,111,H2,0.19406040298628235
DE,H2Tank,112,H2,0.18806625926469833
DE,H2Tank,113,H2,0.1820721155431143
DE,H2Tank,114,H2,0.1760779718215303
DE,H2Tank,115,H2,0.17008382809994627
DE,H2Tank,116,H2,0.16408968437836224
DE,H2Tank,117,H2,0.15809554065677822
DE,H2Tank,118,H2,0.1521013969351942
DE,H2Tank,119,H2,0.14610725321361018
DE,H2Tank,120,H2,0.1839452854561095
FR,Battery,1,Power,28.953704547837265
FR,Battery,2,Power,28.808936025098077
FR,Battery,3,Power,15.031301754650693
FR,Battery,4,Power,-0.0
FR,Battery,5,Power,0.0
FR,Battery,6,Power,0.0
FR,Battery,7,Power,-0.0
FR,Battery,8,Power,0.0
FR,Battery,9,Power,-0.0
FR,Battery,10,Power,8.543763763212421
FR,Battery,11,Power,23.501044944396355
FR,Battery,12,Power,38.383539719674374
FR,Battery,13,Power,50.0
FR,Battery,14,Power,49.75
FR,Battery,15,Power,30.982731481481483
FR,Battery,16,Power,12.309299305555559
FR,Battery,17,Power,7.260355830165479
FR,Battery,18,Power,7.224054051014652
FR,Battery,19,Power,7.187933780759579
FR,Battery,20,Power,0.0
FR,Battery,21,Power,-0.0
FR,Battery,22,Power,-0.0
FR,Battery,23,Power,13.21638331683727
FR,Battery,24,Power,13.150301400253083
FR,Battery,25,Power,13.084549893251818
FR,Battery,26,Power,0.0
FR,Battery,27,Power,0.0
FR,Battery,28,Power,0.0
FR,Battery,29,Power,-0.0
FR,Battery,30,Power,-0.0
FR,Battery,31,Power,-0.0
FR,Battery,32,Power,-0.0
FR,Battery,33,Power,-0.0
FR,Battery,34,Power,-0.0
FR,Battery,35,Power,7.552769181811554
FR,Battery,36,Power,7.515005335902496
FR,Battery,37,Power,7.477430309222984
FR,Battery,38,Power,7.440043157676869
FR,Battery,39,Power,3.679237377995059
FR,Battery,40,Power,3.6608411911050838
FR,Battery,41,Power,2.5342493161260253
FR,Battery,42,Power,2.521578069545395
FR,Battery,43,Power,13.74441255128861
FR,Battery,44,Power,28.67569048853217
FR,Battery,45,Power,43.53231203608951
FR,Battery,46,Power,50.0
FR,Battery,47,Power,34.825312754091826
FR,Battery,48,Power,16.132667671802853
FR,Battery,49,Power,0.0
FR,Battery,50,Power,0.0
FR,Battery,51,Power,0.0
FR,Battery,52,Power,9.70261718103288
FR,Battery,53,Power,15.623635439471322
FR,Battery,54,Power,21.526810149987618
FR,Battery,55,Power,23.97097358725059
FR,Battery,56,Power,20.638558167207137
FR,Battery,57,Power,35.5353653763711
FR,Battery,58,Power,43.383553379374355
FR,Battery,59,Power,50.0
FR,Battery,60,Power,49.31078640424341
FR,Battery,61,Power,46.38569282542089
FR,Battery,62,Power,46.15376436129379
FR,Battery,63,Power,45.92299553948732
FR,Battery,64,Power,45.69338056178988
FR,Battery,65,Power,45.46491365898093
FR,Battery,66,Power,45.23758909068603
FR,Battery,67,Power,43.70405572200339
FR,Battery,68,Power,41.77848818837506
FR,Battery,69,Power,41.56959574743318
FR,Battery,70,Power,41.36174776869602
FR,Battery,71,Power,37.67320746082901
FR,Battery,72,Power,22.855217393438252
FR,Battery,73,Power,21.386284425439005
FR,Battery,74,Power,21.279353003311808
FR,Battery,75,Power,21.48531682285028
FR,Battery,76,Power,28.84605558364955
FR,Battery,77,Power,38.13046655796828
FR,Battery,78,Power,45.68474054632945
FR,Battery,79,Power,47.24176369704331
FR,Battery,80,Power,50.0
FR,Battery,81,Power,49.75
FR,Battery,82,Power,49.50125
FR,Battery,83,Power,48.000942482471146
FR,Battery,84,Power,43.389003001035256
FR,Battery,85,Power,43.17205798603008
FR,Battery,86,Power,42.956197696099935
FR,Battery,87,Power,42.741416707619436
FR,Battery,88,Power,42.52770962408134
FR,Battery,89,Power,42.31507107596093
FR,Battery,90,Power,42.10349572058112
FR,Battery,91,Power,41.89297824197822
FR,Battery,92,Power,32.68541363730035
FR,Battery,93,Power,24.265747577868094
FR,Battery,94,Power,12.343413904288557
FR,Battery,95,Power,2.9571015880194294
FR,Battery,96,Power,0.0
FR,Battery,97,Power,-0.0
FR,Battery,98,Power,-0.0
FR,Battery,99,Power,-0.0
FR,Battery,100,Power,-0.0
FR,Battery,101,Power,3.792428922624453
FR,Battery,102,Power,18.77346677801133
FR,Battery,103,Power,33.67959944412127
FR,Battery,104,Power,48.511201446900664
FR,Battery,105,Power,50.0
FR,Battery,106,Power,38.862877233231686
FR,Battery,107,Power,38.66856284706553
FR,Battery,108,Power,50.0
FR,Battery,109,Power,47.05353443560156
FR,Battery,110,Power,36.83218679902511
FR,Battery,111,Power,18.12950734651147
FR,Battery,112,Power,7.862758219026986
FR,Battery,113,Power,0.0
FR,Battery,114,Power,0.0
FR,Battery,115,Power,-0.0
FR,Battery,116,Power,-0.0
FR,Battery,117,Power,11.480905051090943
FR,Battery,118,Power,15.187530991570428
FR,Battery,119,Power,25.12562814070352
FR,Battery,120,Power,25.0
FR,PHS,1,Power,587.635294117647
FR,PHS,2,Power,575.2829529411765
FR,PHS,3,Power,562.9429641058824
FR,PHS,4,Power,550.6153152594236
FR,PHS,5,Power,538.2999940618113
FR,PHS,6,Power,525.9969881853965
FR,PHS,7,Power,513.7062853148582
FR,PHS,8,Power,501.42787314719044
FR,PHS,9,Power,489.16173939169033
FR,PHS,10,Power,476.9078717699457
FR,PHS,11,Power,484.5246179902994
FR,PHS,12,Power,493.0400933723091
FR,PHS,13,Power,480.7823473965839
FR,PHS,14,Power,468.53685916683435
FR,PHS,15,Power,456.3036164253146
FR,PHS,16,Power,444.08260692653636
FR,PHS,17,Power,431.8738184372569
FR,PHS,18,Power,419.6772387364667
FR,PHS,19,Power,407.49285561537727
FR,PHS,20,Power,395.32065687740896
FR,PHS,21,Power,383.16063033817863
FR,PHS,22,Power,371.0127638254875
FR,PHS,23,Power,358.8770451793091
FR,PHS,24,Power,346.75346225177685
FR,PHS,25,Power,334.6420029071721
FR,PHS,26,Power,322.542655021912
FR,PHS,27,Power,310.4554064845372
FR,PHS,28,Power,302.51315185217794
FR,PHS,29,Power,308.5515647154247
FR,PHS,30,Power,317.2430131507093
FR,PHS,31,Power,325.92577013755863
FR,PHS,32,Power,334.59984436742104
FR,PHS,33,Power,343.26524452305364
FR,PHS,34,Power,351.92197927853056
FR,PHS,35,Power,360.570057299252
FR,PHS,36,Power,369.2094872419528
FR,PHS,37,Power,373.0771265188018
FR,PHS,38,Power,373.0503966963739
FR,PHS,39,Power,372.67734629967754
FR,PHS,40,Power,373.8507714094688
FR,PHS,41,Power,373.4769206380593
FR,PHS,42,Power,377.1948777085122
FR,PHS,43,Power,385.8176828308037
FR,PHS,44,Power,394.43186514797287
FR,PHS,45,Power,403.0374332828249
FR,PHS,46,Power,402.6343958495421
FR,PHS,47,Power,398.7795917052376
FR,PHS,48,Power,386.6161062311794
FR,PHS,49,Power,374.4647842425953
FR,PHS,50,Power,380.692044115249
FR,PHS,51,Power,389.3113520711338
FR,PHS,52,Power,397.92204071906264
FR,PHS,53,Power,406.5241186783436
FR,PHS,54,Power,415.11759455966524
FR,PHS,55,Power,423.7024769651056
FR,PHS,56,Power,432.27877448814047
FR,PHS,57,Power,440.8464957136523
FR,PHS,58,Power,449.4056492179387
FR,PHS,59,Power,457.9562435687207
FR,PHS,60,Power,466.498287325152
FR,PHS,61,Power,475.0317890378268
FR,PHS,62,Power,483.556757248789
FR,PHS,63,Power,492.0732004915402
FR,PHS,64,Power,500.5811272910487
FR,PHS,65,Power,509.0805461637576
FR,PHS,66,Power,517.5714656175938
FR,PHS,67,Power,526.0538941519762
FR,PHS,68,Power,534.5278402578242
FR,PHS,69,Power,542.9933124175664
FR,PHS,70,Power,551.4503191051488
FR,PHS,71,Power,559.8988687860436
FR,PHS,72,Power,565.2369286781867
FR,PHS,73,Power,564.6716917495086
FR,PHS,74,Power,573.1070200577591
FR,PHS,75,Power,581.5339130377014
FR,PHS,76,Power,589.9523791246637
FR,PHS,77,Power,598.3624267455391
FR,PHS,78,Power,606.7640643187935
FR,PHS,79,Power,615.1573002544748
FR,PHS,80,Power,623.5421429542203
FR,PHS,81,Power,631.9186008112661
FR,PHS,82,Power,640.2866822104548
FR,PHS,83,Power,639.6463955282444
FR,PHS,84,Power,639.0067491327162
FR,PHS,85,Power,647.3677423835835
FR,PHS,86,Power,655.7203746411999
FR,PHS,87,Power,664.0646542665587
FR,PHS,88,Power,671.4183817743831
FR,PHS,89,Power,675.8449450176996
FR,PHS,90,Power,679.0905921847728
FR,PHS,91,Power,681.8617928456789
FR,PHS,92,Power,681.1799310528332
FR,PHS,93,Power,680.4987511217804
FR,PHS,94,Power,679.8182523706586
FR,PHS,95,Power,679.1384341182879
FR,PHS,96,Power,678.4592956841697
FR,PHS,97,Power,686.7808363884855
FR,PHS,98,Power,695.094055552097
FR,PHS,99,Power,703.3989614965449
FR,PHS,100,Power,711.6955625350483
FR,PHS,101,Power,719.9838669725133
FR,PHS,102,Power,728.2638831055408
FR,PHS,103,Power,736.5356192224352
FR,PHS,104,Power,744.7990836032128
FR,PHS,105,Power,753.0542845196096
FR,PHS,106,Power,740.536524352737
FR,PHS,107,Power,728.0312819460314
FR,PHS,108,Power,715.5385447817324
FR,PHS,109,Power,703.0583003545978
FR,PHS,110,Power,690.5905361718903
FR,PHS,111,Power,678.1352397533656
FR,PHS,112,Power,665.6923986312593
FR,PHS,113,Power,653.2620003502751
FR,PHS,114,Power,640.8440324675719
FR,PHS,115,Power,628.4938403855499
FR,PHS,116,Power,626.3541732603159
FR,PHS,117,Power,625.7278190870555
FR,PHS,118,Power,624.7665554030743
FR,PHS,119,Power,612.3770829653182
FR,PHS,120,Power,600.0
FR,H2Tank,1,H2,19.749785510298988
FR,H2Tank,2,H2,19.749785510298988
FR,H2Tank,3,H2,19.749785510298988
FR,H2Tank,4,H2,19.749785510298988
FR,H2Tank,5,H2,19.48256996391928
FR,H2Tank,6,H2,17.931143891223783
FR,H2Tank,7,H2,12.863928344844075
FR,H2Tank,8,H2,6.1030950516635185
FR,H2Tank,9,H2,1.1828573232667106
FR,H2Tank,10,H2,1.1828573232667106
FR,H2Tank,11,H2,1.294205276171258
FR,H2Tank,12,H2,2.858303071067837
FR,H2Tank,13,H2,2.858303071067837
FR,H2Tank,14,H2,2.858303071067837
FR,H2Tank,15,H2,2.858303071067837
FR,H2Tank,16,H2,3.2539008659644164
FR,H2Tank,17,H2,3.8489986608609956
FR,H2Tank,18,H2,4.444096455757575
FR,H2Tank,19,H2,4.839694250654154
FR,H2Tank,20,H2,4.839694250654154
FR,H2Tank,21,H2,4.839694250654154
FR,H2Tank,22,H2,4.839694250654154
FR,H2Tank,23,H2,4.839694250654154
FR,H2Tank,24,H2,2.8566892305902356
FR,H2Tank,25,H2,-0.0
FR,H2Tank,26,H2,0.0
FR,H2Tank,27,H2,0.0
FR,H2Tank,28,H2,1.564097794896579
FR,H2Tank,29,H2,3.128195589793158
FR,H2Tank,30,H2,4.692293384689737
FR,H2Tank,31,H2,4.423991187917399
FR,H2Tank,32,H2,0.0
FR,H2Tank,33,H2,-0.0
FR,H2Tank,34,H2,0.0
FR,H2Tank,35,H2,0.1113479529045473
FR,H2Tank,36,H2,1.6754457478011264
FR,H2Tank,37,H2,3.2395435426977057
FR,H2Tank,38,H2,4.803641337594285
FR,H2Tank,39,H2,4.803641337594285
FR,H2Tank,40,H2,6.367739132490864
FR,H2Tank,41,H2,6.962836927387443
FR,H2Tank,42,H2,8.526934722284022
FR,H2Tank,43,H2,10.0910325171806
FR,H2Tank,44,H2,11.65513031207718
FR,H2Tank,45,H2,13.219228106973759
FR,H2Tank,46,H2,14.783325901870338
FR,H2Tank,47,H2,14.783325901870338
FR,H2Tank,48,H2,10.938360570925429
FR,H2Tank,49,H2,9.043896829818276
FR,H2Tank,50,H2,10.607994624714856
FR,H2Tank,51,H2,12.172092419611435
FR,H2Tank,52,H2,13.736190214508014
FR,H2Tank,53,H2,15.300288009404593
FR,H2Tank,54,H2,16.864385804301172
FR,H2Tank,55,H2,16.535131458489037
FR,H2Tank,56,H2,12.111140270571639
FR,H2Tank,57,H2,5.3503069773910825
FR,H2Tank,58,H2,0.0
FR,H2Tank,59,H2,0.1113479529045473
FR,H2Tank,60,H2,1.6754457478011264
FR,H2Tank,61,H2,3.2395435426977057
FR,H2Tank,62,H2,4.803641337594285
FR,H2Tank,63,H2,6.367739132490864
FR,H2Tank,64,H2,7.931836927387443
FR,H2Tank,65,H2,9.495934722284023
FR,H2Tank,66,H2,11.060032517180602
FR,H2Tank,67,H2,12.624130312077181
FR,H2Tank,68,H2,14.18822810697376
FR,H2Tank,69,H2,15.75232590187034
FR,H2Tank,70,H2,17.31642369676692
FR,H2Tank,71,H2,18.880521491663497
FR,H2Tank,72,H2,20.444619286560076
FR,H2Tank,73,H2,22.008717081456656
FR,H2Tank,74,H2,23.572814876353235
FR,H2Tank,75,H2,25.136912671249814
FR,H2Tank,76,H2,26.701010466146393
FR,H2Tank,77,H2,28.265108261042972
FR,H2Tank,78,H2,29.82920605593955
FR,H2Tank,79,H2,29.499951710127416
FR,H2Tank,80,H2,25.075960522210018
FR,H2Tank,81,H2,18.31512722902946
FR,H2Tank,82,H2,12.964820251638379
FR,H2Tank,83,H2,13.076168204542926
FR,H2Tank,84,H2,14.640265999439505
FR,H2Tank,85,H2,16.204363794336082
FR,H2Tank,86,H2,17.76846158923266
FR,H2Tank,87,H2,19.33255938412924
FR,H2Tank,88,H2,20.89665717902582
FR,H2Tank,89,H2,22.4607549739224
FR,H2Tank,90,H2,24.024852768818977
FR,H2Tank,91,H2,25.588950563715557
FR,H2Tank,92,H2,27.153048358612136
FR,H2Tank,93,H2,28.717146153508715
FR,H2Tank,94,H2,30.281243948405294
FR,H2Tank,95,H2,31.512573238714758
FR,H2Tank,96,H2,31.512573238714758
FR,H2Tank,97,H2,33.07667103361133
FR,H2Tank,98,H2,34.640768828507916
FR,H2Tank,99,H2,36.2048666234045
FR,H2Tank,100,H2,37.76896441830108
FR,H2Tank,101,H2,39.333062213197664
FR,H2Tank,102,H2,40.89716000809423
FR,H2Tank,103,H2,40.567905662282094
FR,H2Tank,104,H2,36.14391447436469
FR,H2Tank,105,H2,29.383081181184135
FR,H2Tank,106,H2,22.622247888003578
FR,H2Tank,107,H2,20.399084154931547
FR,H2Tank,108,H2,18.03438275974054
FR,H2Tank,109,H2,13.599034056024841
FR,H2Tank,110,H2,11.426843247045982
FR,H2Tank,111,H2,10.64753588263537
FR,H2Tank,112,H2,11.04313367753195
FR,H2Tank,113,H2,11.63823147242853
FR,H2Tank,114,H2,12.233329267325109
FR,H2Tank,115,H2,13.797427062221688
FR,H2Tank,116,H2,15.361524857118267
FR,H2Tank,117,H2,16.925622652014845
FR,H2Tank,118,H2,18.489720446911424
FR,H2Tank,119,H2,20.053818241808003
FR,H2Tank,120,H2,20.448580004047116
NO,Battery,1,Power,-0.0
NO,Battery,2,Power,-0.0
NO,Battery,3,Power,-0.0
NO,Battery,4,Power,-0.0
NO,Battery,5,Power,-0.0
NO,Battery,6,Power,-0.0
NO,Battery,7,Power,-0.0
NO,Battery,8,Power,-0.0
NO,Battery,9,Power,-0.0
NO,Battery,10,Power,-0.0
NO,Battery,11,Power,-0.0
NO,Battery,12,Power,-0.0
NO,Battery,13,Power,-0.0
NO,Battery,14,Power,-0.0
NO,Battery,15,Power,-0.0
NO,Battery,16,Power,-0.0
NO,Battery,17,Power,-0.0
NO,Battery,18,Power,-0.0
NO,Battery,19,Power,-0.0
NO,Battery,20,Power,-0.0
NO,Battery,21,Power,-0.0
NO,Battery,22,Power,-0.0
NO,Battery,23,Power,-0.0
NO,Battery,24,Power,-0.0
NO,Battery,25,Power,-0.0
NO,Battery,26,Power,-0.0
NO,Battery,27,Power,-0.0
NO,Battery,28,Power,-0.0
NO,Battery,29,Power,-0.0
NO,Battery,30,Power,-0.0
NO,Battery,31,Power,-0.0
NO,Battery,32,Power,-0.0
NO,Battery,33,Power,-0.0
NO,Battery,34,Power,-0.0
NO,Battery,35,Power,-0.0
NO,Battery,36,Power,-0.0
NO,Battery,37,Power,-0.0
NO,Battery,38,Power,-0.0
NO,Battery,39,Power,-0.0
NO,Battery,40,Power,-0.0
NO,Battery,41,Power,-0.0
NO,Battery,42,Power,-0.0
NO,Battery,43,Power,-0.0
NO,Battery,44,Power,-0.0
NO,Battery,45,Power,-0.0
NO,Battery,46,Power,0.0
NO,Battery,47,Power,-0.0
NO,Battery,48,Power,-0.0
NO,Battery,49,Power,-0.0
NO,Battery,50,Power,0.0
NO,Battery,51,Power,0.0
NO,Battery,52,Power,0.0
NO,Battery,53,Power,0.0
NO,Battery,54,Power,-0.0
NO,Battery,55,Power,-0.0
NO,Battery,56,Power,-0.0
NO,Battery,57,Power,-0.0
NO,Battery,58,Power,-0.0
NO,Battery,59,Power,-0.0
NO,Battery,60,Power,0.0
NO,Battery,61,Power,-0.0
NO,Battery,62,Power,0.0
NO,Battery,63,Power,-0.0
NO,Battery,64,Power,-0.0
NO,Battery,65,Power,-0.0
NO,Battery,66,Power,-0.0
NO,Battery,67,Power,0.0
NO,Battery,68,Power,-0.0
NO,Battery,69,Power,0.0
NO,Battery,70,Power,0.0
NO,Battery,71,Power,0.0
NO,Battery,72,Power,0.0
NO,Battery,73,Power,0.0
NO,Battery,74,Power,0.0
NO,Battery,75,Power,0.0
NO,Battery,76,Power,0.0
NO,Battery,77,Power,-0.0
NO,Battery,78,Power,-0.0
NO,Battery,79,Power,-0.0
NO,Battery,80,Power,-0.0
NO,Battery,81,Power,-0.0
NO,Battery,82,Power,-0.0
NO,Battery,83,Power,-0.0
NO,Battery,84,Power,-0.0
NO,Battery,85,Power,-0.0
NO,Battery,86,Power,0.0
NO,Battery,87,Power,-0.0
NO,Battery,88,Power,-0.0
NO,Battery,89,Power,-0.0
NO,Battery,90,Power,-0.0
NO,Battery,91,Power,-0.0
NO,Battery,92,Power,-0.0
NO,Battery,93,Power,-0.0
NO,Battery,94,Power,-0.0
NO,Battery,95,Power,-0.0
NO,Battery,96,Power,-0.0
NO,Battery,97,Power,-0.0
NO,Battery,98,Power,-0.0
NO,Battery,99,Power,-0.0
NO,Battery,100,Power,-0.0
NO,Battery,101,Power,-0.0
NO,Battery,102,Power,-0.0
NO,Battery,103,Power,-0.0
NO,Battery,104,Power,-0.0
NO,Battery,105,Power,-0.0
NO,Battery,106,Power,-0.0
NO,Battery,107,Power,-0.0
NO,Battery,108,Power,-0.0
NO,Battery,109,Power,-0.0
NO,Battery,110,Power,-0.0
NO,Battery,111,Power,-0.0
NO,Battery,112,Power,0.0
NO,Battery,113,Power,-0.0
NO,Battery,114,Power,0.0
NO,Battery,115,Power,0.0
NO,Battery,116,Power,-0.0
NO,Battery,117,Power,0.0
NO,Battery,118,Power,0.0
NO,Battery,119,Power,0.0
NO,Battery,120,Power,-0.0
NO,PHS,1,Power,349.5104433848219
NO,PHS,2,Power,349.16093294143707
NO,PHS,3,Power,347.643716877363
NO,PHS,4,Power,341.2033190610725
NO,PHS,5,Power,333.99937064397216
NO,PHS,6,Power,327.06580785626807
NO,PHS,7,Power,320.0274910078222
NO,PHS,8,Power,319.7074635168144
NO,PHS,9,Power,319.3877560532976
NO,PHS,10,Power,319.0683682972443
NO,PHS,11,Power,318.7492999289471
NO,PHS,12,Power,318.43055062901817
NO,PHS,13,Power,318.1121200783891
NO,PHS,14,Power,317.7940079583107
NO,PHS,15,Power,317.4762139503524
NO,PHS,16,Power,317.1587377364021
NO,PHS,17,Power,316.8415789986657
NO,PHS,18,Power,316.524737419667
NO,PHS,19,Power,316.20821268224734
NO,PHS,20,Power,315.8920044695651
NO,PHS,21,Power,318.2106204851578
NO,PHS,22,Power,317.89240986467263
NO,PHS,23,Power,317.57451745480796
NO,PHS,24,Power,317.25694293735313
NO,PHS,25,Power,316.93968599441575
NO,PHS,26,Power,316.6227463084213
NO,PHS,27,Power,316.3061235621129
NO,PHS,28,Power,315.98981743855074
NO,PHS,29,Power,315.6738276211122
NO,PHS,30,Power,315.35815379349106
NO,PHS,31,Power,315.04279563969754
NO,PHS,32,Power,314.7277528440579
NO,PHS,33,Power,314.4130250912138
NO,PHS,34,Power,314.0986120661226
NO,PHS,35,Power,316.3128099420566
NO,PHS,36,Power,321.24649713211454
NO,PHS,37,Power,326.17525063498243
NO,PHS,38,Power,327.9892841676968
NO,PHS,39,Power,327.6612948835291
NO,PHS,40,Power,327.33363358864557
NO,PHS,41,Power,327.00629995505693
NO,PHS,42,Power,327.20392159717073
NO,PHS,43,Power,326.87671767557356
NO,PHS,44,Power,326.54984095789797
NO,PHS,45,Power,326.22329111694006
NO,PHS,46,Power,325.8970678258231
NO,PHS,47,Power,325.57117075799727
NO,PHS,48,Power,325.24559958723927
NO,PHS,49,Power,324.92035398765205
NO,PHS,50,Power,324.5954336336644
NO,PHS,51,Power,324.27083820003077
NO,PHS,52,Power,323.9465673618307
NO,PHS,53,Power,323.6226207944689
NO,PHS,54,Power,323.2989981736744
NO,PHS,55,Power,322.9756991755007
NO,PHS,56,Power,322.6527234763252
NO,PHS,57,Power,322.3300707528489
NO,PHS,58,Power,322.007740682096
NO,PHS,59,Power,321.6857329414139
NO,PHS,60,Power,321.36404720847247
NO,PHS,61,Power,321.042683161264
NO,PHS,62,Power,320.72164047810276
NO,PHS,63,Power,320.40091883762466
NO,PHS,64,Power,321.2520338465913
NO,PHS,65,Power,320.9307818127447
NO,PHS,66,Power,321.6729636652553
NO,PHS,67,Power,321.35129070159
NO,PHS,68,Power,321.0299394108884
NO,PHS,69,Power,320.7089094714775
NO,PHS,70,Power,320.38820056200603
NO,PHS,71,Power,320.06781236144406
NO,PHS,72,Power,319.7477445490826
NO,PHS,73,Power,319.4279968045335
NO,PHS,74,Power,319.108568807729
NO,PHS,75,Power,318.78946023892127
NO,PHS,76,Power,318.47067077868235
NO,PHS,77,Power,318.15220010790364
NO,PHS,78,Power,317.97746572447886
NO,PHS,79,Power,317.6594882587544
NO,PHS,80,Power,317.3418287704956
NO,PHS,81,Power,317.0244869417251
NO,PHS,82,Power,316.7074624547834
NO,PHS,83,Power,316.39075499232865
NO,PHS,84,Power,316.07436423733634
NO,PHS,85,Power,315.758289873099
NO,PHS,86,Power,315.4425315832259
NO,PHS,87,Power,315.12708905164266
NO,PHS,88,Power,314.811961962591
NO,PHS,89,Power,314.4971500006284
NO,PHS,90,Power,314.18265285062773
NO,PHS,91,Power,313.8684701977771
NO,PHS,92,Power,313.5546017275793
NO,PHS,93,Power,313.24104712585176
NO,PHS,94,Power,312.9278060787259
NO,PHS,95,Power,312.61487827264716
NO,PHS,96,Power,312.3022633943745
NO,PHS,97,Power,311.98996113098013
NO,PHS,98,Power,311.6779711698492
NO,PHS,99,Power,311.36629319867933
NO,PHS,100,Power,311.05492690548067
NO,PHS,101,Power,310.7438719785752
NO,PHS,102,Power,310.43312810659666
NO,PHS,103,Power,310.1226949784901
NO,PHS,104,Power,309.8125722835116
NO,PHS,105,Power,312.6753504399112
NO,PHS,106,Power,312.8618961200729
NO,PHS,107,Power,312.6610057871137
NO,PHS,108,Power,312.3483447813266
NO,PHS,109,Power,312.0359964365453
NO,PHS,110,Power,311.7239604401088
NO,PHS,111,Power,311.41223647966865
NO,PHS,112,Power,312.2317311267929
NO,PHS,113,Power,317.1694993956661
NO,PHS,114,Power,320.49682498136315
NO,PHS,115,Power,325.4263281563817
NO,PHS,116,Power,330.35090182822535
NO,PHS,117,Power,335.27055092639705
NO,PHS,118,Power,340.1852803754706
NO,PHS,119,Power,345.0950950950951
NO,PHS,120,Power,350.0
NO,H2Tank,1,H2,-0.0
NO,H2Tank,2,H2,-0.0
NO,H2Tank,3,H2,-0.0
NO,H2Tank,4,H2,-0.0
NO,H2Tank,5,H2,-0.0
NO,H2Tank,6,H2,-0.0
NO,H2Tank,7,H2,-0.0
NO,H2Tank,8,H2,-0.0
NO,H2Tank,9,H2,-0.0
NO,H2Tank,10,H2,0.0
NO,H2Tank,11,H2,-0.0
NO,H2Tank,12,H2,-0.0
NO,H2Tank,13,H2,-0.0
NO,H2Tank,14,H2,-0.0
NO,H2Tank,15,H2,-0.0
NO,H2Tank,16,H2,-0.0
NO,H2Tank,17,H2,-0.0
NO,H2Tank,18,H2,-0.0
NO,H2Tank,19,H2,-0.0
NO,H2Tank,20,H2,-0.0
NO,H2Tank,21,H2,-0.0
NO,H2Tank,22,H2,-0.0
NO,H2Tank,23,H2,-0.0
NO,H2Tank,24,H2,-0.0
NO,H2Tank,25,H2,-0.0
NO,H2Tank,26,H2,-0.0
NO,H2Tank,27,H2,-0.0
NO,H2Tank,28,H2,-0.0
NO,H2Tank,29,H2,-0.0
NO,H2Tank,30,H2,0.0
NO,H2Tank,31,H2,-0.0
NO,H2Tank,32,H2,-0.0
NO,H2Tank,33,H2,-0.0
NO,H2Tank,34,H2,0.0
NO,H2Tank,35,H2,-0.0
NO,H2Tank,36,H2,-0.0
NO,H2Tank,37,H2,-0.0
NO,H2Tank,38,H2,-0.0
NO,H2Tank,39,H2,-0.0
NO,H2Tank,40,H2,-0.0
NO,H2Tank,41,H2,-0.0
NO,H2Tank,42,H2,-0.0
NO,H2Tank,43,H2,-0.0
NO,H2Tank,44,H2,-0.0
NO,H2Tank,45,H2,-0.0
NO,H2Tank,46,H2,-0.0
NO,H2Tank,47,H2,-0.0
NO,H2Tank,48,H2,-0.0
NO,H2Tank,49,H2,-0.0
NO,H2Tank,50,H2,-0.0
NO,H2Tank,51,H2,-0.0
NO,H2Tank,52,H2,-0.0
NO,H2Tank,53,H2,-0.0
NO,H2Tank,54,H2,-0.0
NO,H2Tank,55,H2,-0.0
NO,H2Tank,56,H2,-0.0
NO,H2Tank,57,H2,-0.0
NO,H2Tank,58,H2,0.0
NO,H2Tank,59,H2,-0.0
NO,H2Tank,60,H2,-0.0
NO,H2Tank,61,H2,-0.0
NO,H2Tank,62,H2,-0.0
NO,H2Tank,63,H2,-0.0
NO,H2Tank,64,H2,-0.0
NO,H2Tank,65,H2,-0.0
NO,H2Tank,66,H2,-0.0
NO,H2Tank,67,H2,-0.0
NO,H2Tank,68,H2,-0.0
NO,H2Tank,69,H2,-0.0
NO,H2Tank,70,H2,-0.0
NO,H2Tank,71,H2,-0.0
NO,H2Tank,72,H2,-0.0
NO,H2Tank,73,H2,0.0
NO,H2Tank,74,H2,-0.0
NO,H2Tank,75,H2,-0.0
NO,H2Tank,76,H2,-0.0
NO,H2Tank,77,H2,-0.0
NO,H2Tank,78,H2,-0.0
NO,H2Tank,79,H2,-0.0
NO,H2Tank,80,H2,-0.0
NO,H2Tank,81,H2,-0.0
NO,H2Tank,82,H2,0.0
NO,H2Tank,83,H2,-0.0
NO,H2Tank,84,H2,-0.0
NO,H2Tank,85,H2,-0.0
NO,H2Tank,86,H2,-0.0
NO,H2Tank,87,H2,-0.0
NO,H2Tank,88,H2,-0.0
NO,H2Tank,89,H2,-0.0
NO,H2Tank,90,H2,-0.0
NO,H2Tank,91,H2,-0.0
NO,H2Tank,92,H2,-0.0
NO,H2Tank,93,H2,-0.0
NO,H2Tank,94,H2,-0.0
NO,H2Tank,95,H2,-0.0
NO,H2Tank,96,H2,-0.0
NO,H2Tank,97,H2,-0.0
NO,H2Tank,98,H2,-0.0
NO,H2Tank,99,H2,-0.0
NO,H2Tank,100,H2,-0.0
NO,H2Tank,101,H2,-0.0
NO,H2Tank,102,H2,-0.0
NO,H2Tank,103,H2,-0.0
NO,H2Tank,104,H2,-0.0
NO,H2Tank,105,H2,-0.0
NO,H2Tank,106,H2,-0.0
NO,H2Tank,107,H2,-0.0
NO,H2Tank,108,H2,-0.0
NO,H2Tank,109,H2,-0.0
NO,H2Tank,110,H2,0.0
NO,H2Tank,111,H2,-0.0
NO,H2Tank,112,H2,-0.0
NO,H2Tank,113,H2,-0.0
NO,H2Tank,114,H2,-0.0
NO,H2Tank,115,H2,-0.0
NO,H2Tank,116,H2,-0.0
NO,H2Tank,117,H2,-0.0
NO,H2Tank,118,H2,-0.0
NO,H2Tank,119,H2,-0.0
NO,H2Tank,120,H2,-0.0
DK,Battery,1,Power,3.8377575889888647
DK,Battery,2,Power,3.8185688010439205
DK,Battery,3,Power,3.799475957038701
DK,Battery,4,Power,0.9234098342876669
DK,Battery,5,Power,-0.0
DK,Battery,6,Power,-0.0
DK,Battery,7,Power,-0.0
DK,Battery,8,Power,-0.0
DK,Battery,9,Power,-0.0
DK,Battery,10,Power,-0.0
DK,Battery,11,Power,-0.0
DK,Battery,12,Power,-0.0
DK,Battery,13,Power,-0.0
DK,Battery,14,Power,-0.0
DK,Battery,15,Power,-0.0
DK,Battery,16,Power,-0.0
DK,Battery,17,Power,-0.0
DK,Battery,18,Power,-0.0
DK,Battery,19,Power,-0.0
DK,Battery,20,Power,-0.0
DK,Battery,21,Power,-0.0
DK,Battery,22,Power,-0.0
DK,Battery,23,Power,-0.0
DK,Battery,24,Power,-0.0
DK,Battery,25,Power,-0.0
DK,Battery,26,Power,0.0
DK,Battery,27,Power,1.7394109620083469
DK,Battery,28,Power,0.0
DK,Battery,29,Power,0.0
DK,Battery,30,Power,-0.0
DK,Battery,31,Power,-0.0
DK,Battery,32,Power,-0.0
DK,Battery,33,Power,0.0
DK,Battery,34,Power,0.0
DK,Battery,35,Power,2.3142256818023306
DK,Battery,36,Power,2.473185690135837
DK,Battery,37,Power,2.845526616427675
DK,Battery,38,Power,0.0
DK,Battery,39,Power,2.3142256818023306
DK,Battery,40,Power,2.3026545533933187
DK,Battery,41,Power,2.0755709259874884
DK,Battery,42,Power,-0.0
DK,Battery,43,Power,-0.0
DK,Battery,44,Power,-0.0
DK,Battery,45,Power,-0.0
DK,Battery,46,Power,-0.0
DK,Battery,47,Power,-0.0
DK,Battery,48,Power,-0.0
DK,Battery,49,Power,-0.0
DK,Battery,50,Power,-0.0
DK,Battery,51,Power,-0.0
DK,Battery,52,Power,-0.0
DK,Battery,53,Power,-0.0
DK,Battery,54,Power,-0.0
DK,Battery,55,Power,-0.0
DK,Battery,56,Power,0.0
DK,Battery,57,Power,0.0
DK,Battery,58,Power,-0.0
DK,Battery,59,Power,2.3142256818023306
DK,Battery,60,Power,4.61688023519565
DK,Battery,61,Power,6.908021515822002
DK,Battery,62,Power,4.016412665277052
DK,Battery,63,Power,1.1392618589848256
DK,Battery,64,Power,-0.0
DK,Battery,65,Power,-0.0
DK,Battery,66,Power,0.0
DK,Battery,67,Power,0.0
DK,Battery,68,Power,0.0
DK,Battery,69,Power,0.0
DK,Battery,70,Power,0.0
DK,Battery,71,Power,-0.0
DK,Battery,72,Power,-0.0
DK,Battery,73,Power,0.0
DK,Battery,74,Power,-0.0
DK,Battery,75,Power,0.34749178199999947
DK,Battery,76,Power,0.0
DK,Battery,77,Power,0.0
DK,Battery,78,Power,-0.0
DK,Battery,79,Power,0.0
DK,Battery,80,Power,2.3142256818023306
DK,Battery,81,Power,4.61688023519565
DK,Battery,82,Power,6.908021515822002
DK,Battery,83,Power,4.016412665277052
DK,Battery,84,Power,1.1392618589848256
DK,Battery,85,Power,0.0
DK,Battery,86,Power,0.0
DK,Battery,87,Power,2.3142256818023306
DK,Battery,88,Power,4.61688023519565
DK,Battery,89,Power,6.908021515822002
DK,Battery,90,Power,4.016412665277052
DK,Battery,91,Power,3.536108669534025
DK,Battery,92,Power,0.6613593832205149
DK,Battery,93,Power,2.783471689046927
DK,Battery,94,Power,0.4911150045874029
DK,Battery,95,Power,0.48865942956446595
DK,Battery,96,Power,-0.0
DK,Battery,97,Power,0.0
DK,Battery,98,Power,0.0
DK,Battery,99,Power,0.7793314121768586
DK,Battery,100,Power,3.089660436918305
DK,Battery,101,Power,5.388437816536044
DK,Battery,102,Power,5.1506531839256064
DK,Battery,103,Power,2.2678311750401376
DK,Battery,104,Power,3.257015341907457
DK,Battery,105,Power,5.55495594700025
DK,Battery,106,Power,7.714085606007768
DK,Battery,107,Power,4.818446435011889
DK,Battery,108,Power,1.937285459870989
DK,Battery,109,Power,0.0
DK,Battery,110,Power,0.5188063632079887
DK,Battery,111,Power,2.8304380131942795
DK,Battery,112,Power,4.735463121870826
DK,Battery,113,Power,7.026011488063802
DK,Battery,114,Power,4.1338126876576435
DK,Battery,115,Power,1.256074881253515
DK,Battery,116,Power,0.0
DK,Battery,117,Power,1.9781261480935848
DK,Battery,118,Power,4.282461199155447
DK,Battery,119,Power,6.575274574962001
DK,Battery,120,Power,3.857042803003884
DK,PHS,1,Power,0.0
DK,PHS,2,Power,0.0
DK,PHS,3,Power,0.0
DK,PHS,4,Power,0.0
DK,PHS,5,Power,0.0
DK,PHS,6,Power,0.0
DK,PHS,7,Power,0.0
DK,PHS,8,Power,0.0
DK,PHS,9,Power,0.0
DK,PHS,10,Power,0.0
DK,PHS,11,Power,0.0
DK,PHS,12,Power,0.0
DK,PHS,13,Power,0.0
DK,PHS,14,Power,0.0
DK,PHS,15,Power,0.0
DK,PHS,16,Power,0.0
DK,PHS,17,Power,0.0
DK,PHS,18,Power,0.0
DK,PHS,19,Power,0.0
DK,PHS,20,Power,0.0
DK,PHS,21,Power,0.0
DK,PHS,22,Power,0.0
DK,PHS,23,Power,0.0
DK,PHS,24,Power,0.0
DK,PHS,25,Power,0.0
DK,PHS,26,Power,0.0
DK,PHS,27,Power,0.0
DK,PHS,28,Power,0.0
DK,PHS,29,Power,0.0
DK,PHS,30,Power,0.0
DK,PHS,31,Power,0.0
DK,PHS,32,Power,0.0
DK,PHS,33,Power,0.0
DK,PHS,34,Power,0.0
DK,PHS,35,Power,0.0
DK,PHS,36,Power,0.0
DK,PHS,37,Power,0.0
DK,PHS,38,Power,0.0
DK,PHS,39,Power,0.0
DK,PHS,40,Power,0.0
DK,PHS,41,Power,0.0
DK,PHS,42,Power,0.0
DK,PHS,43,Power,0.0
DK,PHS,44,Power,0.0
DK,PHS,45,Power,0.0
DK,PHS,46,Power,0.0
DK,PHS,47,Power,0.0
DK,PHS,48,Power,0.0
DK,PHS,49,Power,0.0
DK,PHS,50,Power,0.0
DK,PHS,51,Power,0.0
DK,PHS,52,Power,0.0
DK,PHS,53,Power,0.0
DK,PHS,54,Power,0.0
DK,PHS,55,Power,0.0
DK,PHS,56,Power,0.0
DK,PHS,57,Power,0.0
DK,PHS,58,Power,0.0
DK,PHS,59,Power,0.0
DK,PHS,60,Power,0.0
DK,PHS,61,Power,0.0
DK,PHS,62,Power,0.0
DK,PHS,63,Power,0.0
DK,PHS,64,Power,0.0
DK,PHS,65,Power,0.0
DK,PHS,66,Power,0.0
DK,PHS,67,Power,0.0
DK,PHS,68,Power,0.0
DK,PHS,69,Power,0.0
DK,PHS,70,Power,0.0
DK,PHS,71,Power,0.0
DK,PHS,72,Power,0.0
DK,PHS,73,Power,0.0
DK,PHS,74,Power,0.0
DK,PHS,75,Power,0.0
DK,PHS,76,Power,0.0
DK,PHS,77,Power,0.0
DK,PHS,78,Power,0.0
DK,PHS,79,Power,0.0
DK,PHS,80,Power,0.0
DK,PHS,81,Power,0.0
DK,PHS,82,Power,0.0
DK,PHS,83,Power,0.0
DK,PHS,84,Power,0.0
DK,PHS,85,Power,0.0
DK,PHS,86,Power,0.0
DK,PHS,87,Power,0.0
DK,PHS,88,Power,0.0
DK,PHS,89,Power,0.0
DK,PHS,90,Power,0.0
DK,PHS,91,Power,0.0
DK,PHS,92,Power,0.0
DK,PHS,93,Power,0.0
DK,PHS,94,Power,0.0
DK,PHS,95,Power,0.0
DK,PHS,96,Power,0.0
DK,PHS,97,Power,0.0
DK,PHS,98,Power,0.0
DK,PHS,99,Power,0.0
DK,PHS,100,Power,0.0
DK,PHS,101,Power,0.0
DK,PHS,102,Power,0.0
DK,PHS,103,Power,0.0
DK,PHS,104,Power,0.0
DK,PHS,105,Power,0.0
DK,PHS,106,Power,0.0
DK,PHS,107,Power,0.0
DK,PHS,108,Power,0.0
DK,PHS,109,Power,0.0
DK,PHS,110,Power,0.0
DK,PHS,111,Power,0.0
DK,PHS,112,Power,0.0
DK,PHS,113,Power,0.0
DK,PHS,114,Power,0.0
DK,PHS,115,Power,0.0
DK,PHS,116,Power,0.0
DK,PHS,117,Power,0.0
DK,PHS,118,Power,0.0
DK,PHS,119,Power,0.0
DK,PHS,120,Power,-0.0
DK,H2Tank,1,H2,-0.0
DK,H2Tank,2,H2,-0.0
DK,H2Tank,3,H2,-0.0
DK,H2Tank,4,H2,-0.0
DK,H2Tank,5,H2,-0.0
DK,H2Tank,6,H2,-0.0
DK,H2Tank,7,H2,-0.0
DK,H2Tank,8,H2,-0.0
DK,H2Tank,9,H2,-0.0
DK,H2Tank,10,H2,-0.0
DK,H2Tank,11,H2,-0.0
DK,H2Tank,12,H2,-0.0
DK,H2Tank,13,H2,-0.0
DK,H2Tank,14,H2,-0.0
DK,H2Tank,15,H2,-0.0
DK,H2Tank,16,H2,-0.0
DK,H2Tank,17,H2,-0.0
DK,H2Tank,18,H2,-0.0
DK,H2Tank,19,H2,-0.0
DK,H2Tank,20,H2,-0.0
DK,H2Tank,21,H2,-0.0
DK,H2Tank,22,H2,-0.0
DK,H2Tank,23,H2,-0.0
DK,H2Tank,24,H2,-0.0
DK,H2Tank,25,H2,-0.0
DK,H2Tank,26,H2,-0.0
DK,H2Tank,27,H2,-0.0
DK,H2Tank,28,H2,-0.0
DK,H2Tank,29,H2,0.0
DK,H2Tank,30,H2,-0.0
DK,H2Tank,31,H2,-0.0
DK,H2Tank,32,H2,-0.0
DK,H2Tank,33,H2,-0.0
DK,H2Tank,34,H2,-0.0
DK,H2Tank,35,H2,-0.0
DK,H2Tank,36,H2,-0.0
DK,H2Tank,37,H2,0.0
DK,H2Tank,38,H2,-0.0
DK,H2Tank,39,H2,-0.0
DK,H2Tank,40,H2,-0.0
DK,H2Tank,41,H2,0.0
DK,H2Tank,42,H2,-0.0
DK,H2Tank,43,H2,-0.0
DK,H2Tank,44,H2,-0.0
DK,H2Tank,45,H2,-0.0
DK,H2Tank,46,H2,-0.0
DK,H2Tank,47,H2,0.0
DK,H2Tank,48,H2,-0.0
DK,H2Tank,49,H2,0.0
DK,H2Tank,50,H2,0.0
DK,H2Tank,51,H2,0.0
DK,H2Tank,52,H2,0.0
DK,H2Tank,53,H2,0.0
DK,H2Tank,54,H2,-0.0
DK,H2Tank,55,H2,-0.0
DK,H2Tank,56,H2,-0.0
DK,H2Tank,57,H2,-0.0
DK,H2Tank,58,H2,0.0
DK,H2Tank,59,H2,0.0
DK,H2Tank,60,H2,0.0
DK,H2Tank,61,H2,0.0
DK,H2Tank,62,H2,0.0
DK,H2Tank,63,H2,-0.0
DK,H2Tank,64,H2,0.0
DK,H2Tank,65,H2,0.0
DK,H2Tank,66,H2,0.0
DK,H2Tank,67,H2,-0.0
DK,H2Tank,68,H2,0.0
DK,H2Tank,69,H2,-0.0
DK,H2Tank,70,H2,-0.0
DK,H2Tank,71,H2,-0.0
DK,H2Tank,72,H2,-0.0
DK,H2Tank,73,H2,-0.0
DK,H2Tank,74,H2,-0.0
DK,H2Tank,75,H2,-0.0
DK,H2Tank,76,H2,-0.0
DK,H2Tank,77,H2,-0.0
DK,H2Tank,78,H2,-0.0
DK,H2Tank,79,H2,-0.0
DK,H2Tank,80,H2,-0.0
DK,H2Tank,81,H2,-0.0
DK,H2Tank,82,H2,-0.0
DK,H2Tank,83,H2,-0.0
DK,H2Tank,84,H2,-0.0
DK,H2Tank,85,H2,-0.0
DK,H2Tank,86,H2,-0.0
DK,H2Tank,87,H2,-0.0
DK,H2Tank,88,H2,-0.0
DK,H2Tank,89,H2,-0.0
DK,H2Tank,90,H2,-0.0
DK,H2Tank,91,H2,-0.0
DK,H2Tank,92,H2,-0.0
DK,H2Tank,93,H2,-0.0
DK,H2Tank,94,H2,-0.0
DK,H2Tank,95,H2,-0.0
DK,H2Tank,96,H2,-0.0
DK,H2Tank,97,H2,-0.0
DK,H2Tank,98,H2,-0.0
DK,H2Tank,99,H2,-0.0
DK,H2Tank,100,H2,-0.0
DK,H2Tank,101,H2,-0.0
DK,H2Tank,102,H2,-0.0
DK,H2Tank,103,H2,-0.0
DK,H2Tank,104,H2,0.0
DK,H2Tank,105,H2,-0.0
DK,H2Tank,106,H2,-0.0
DK,H2Tank,107,H2,-0.0
DK,H2Tank,108,H2,-0.0
DK,H2Tank,109,H2,-0.0
DK,H2Tank,110,H2,-0.0
DK,H2Tank,111,H2,-0.0
DK,H2Tank,112,H2,0.0
DK,H2Tank,113,H2,-0.0
DK,H2Tank,114,H2,-0.0
DK,H2Tank,115,H2,-0.0
DK,H2Tank,116,H2,-0.0
DK,H2Tank,117,H2,-0.0
DK,H2Tank,118,H2,0.0
DK,H2Tank,119,H2,-0.0
DK,H2Tank,120,H2,-0.0
UK,Battery,1,Power,39.875
UK,Battery,2,Power,41.04425599074633
UK,Battery,3,Power,26.87848829731538
UK,Battery,4,Power,15.146817771907418
UK,Battery,5,Power,0.0
UK,Battery,6,Power,0.0
UK,Battery,7,Power,0.0
UK,Battery,8,Power,0.0
UK,Battery,9,Power,3.206079992456971
UK,Battery,10,Power,18.190049592494688
UK,Battery,11,Power,33.09909934453222
UK,Battery,12,Power,47.933603847809565
UK,Battery,13,Power,50.0
UK,Battery,14,Power,49.75
UK,Battery,15,Power,34.920183046347944
UK,Battery,16,Power,17.60039131883677
UK,Battery,17,Power,5.83679710620377
UK,Battery,18,Power,5.807613120672751
UK,Battery,19,Power,5.778575055069387
UK,Battery,20,Power,3.78606637133362
UK,Battery,21,Power,-0.0
UK,Battery,22,Power,0.0
UK,Battery,23,Power,0.0
UK,Battery,24,Power,11.403236020677548
UK,Battery,25,Power,13.092258433320488
UK,Battery,26,Power,0.0
UK,Battery,27,Power,0.0
UK,Battery,28,Power,2.4244827318032334
UK,Battery,29,Power,7.392676108579912
UK,Battery,30,Power,0.0
UK,Battery,31,Power,0.0
UK,Battery,32,Power,0.0
UK,Battery,33,Power,0.0
UK,Battery,34,Power,5.722826668173564
UK,Battery,35,Power,20.694212534832694
UK,Battery,36,Power,35.59074147215853
UK,Battery,37,Power,42.974459107544064
UK,Battery,38,Power,28.464984946102835
UK,Battery,39,Power,14.80937655266371
UK,Battery,40,Power,10.207926473995196
UK,Battery,41,Power,7.069551180630268
UK,Battery,42,Power,8.691845805473454
UK,Battery,43,Power,14.633536983028144
UK,Battery,44,Power,28.607077750265532
UK,Battery,45,Power,29.052021401543048
UK,Battery,46,Power,21.973073147181204
UK,Battery,47,Power,21.863207781445297
UK,Battery,48,Power,21.75389174253807
UK,Battery,49,Power,21.64512228382538
UK,Battery,50,Power,21.536896672406254
UK,Battery,51,Power,8.274197262428489
UK,Battery,52,Power,-0.0
UK,Battery,53,Power,-0.0
UK,Battery,54,Power,-0.0
UK,Battery,55,Power,-0.0
UK,Battery,56,Power,-0.0
UK,Battery,57,Power,-0.0
UK,Battery,58,Power,-0.0
UK,Battery,59,Power,-0.0
UK,Battery,60,Power,0.0
UK,Battery,61,Power,0.0
UK,Battery,62,Power,-0.0
UK,Battery,63,Power,0.0
UK,Battery,64,Power,0.0
UK,Battery,65,Power,-0.0
UK,Battery,66,Power,-0.0
UK,Battery,67,Power,-0.0
UK,Battery,68,Power,-0.0
UK,Battery,69,Power,-0.0
UK,Battery,70,Power,-0.0
UK,Battery,71,Power,-0.0
UK,Battery,72,Power,-0.0
UK,Battery,73,Power,-0.0
UK,Battery,74,Power,-0.0
UK,Battery,75,Power,1.4557800603458644
UK,Battery,76,Power,1.448501160044135
UK,Battery,77,Power,1.8855231846282692
UK,Battery,78,Power,1.8760955687051277
UK,Battery,79,Power,1.8667150908616021
UK,Battery,80,Power,1.8573815154072941
UK,Battery,81,Power,5.511233478551489
UK,Battery,82,Power,16.15269011000673
UK,Battery,83,Power,17.140438600966355
UK,Battery,84,Power,17.054736407961524
UK,Battery,85,Power,24.111667902893725
UK,Battery,86,Power,28.541763642007673
UK,Battery,87,Power,38.07070954010268
UK,Battery,88,Power,37.88035599240217
UK,Battery,89,Power,37.69095421244016
UK,Battery,90,Power,47.43513662058973
UK,Battery,91,Power,47.80915777784007
UK,Battery,92,Power,47.57011198895087
UK,Battery,93,Power,47.33226142900612
UK,Battery,94,Power,47.09560012186109
UK,Battery,95,Power,46.860122121251784
UK,Battery,96,Power,46.62582151064552
UK,Battery,97,Power,46.3926924030923
UK,Battery,98,Power,46.16072894107683
UK,Battery,99,Power,45.92992529637145
UK,Battery,100,Power,45.70027566988959
UK,Battery,101,Power,45.47177429154014
UK,Battery,102,Power,45.24441542008244
UK,Battery,103,Power,45.01819334298203
UK,Battery,104,Power,44.79310237626712
UK,Battery,105,Power,44.56913686438578
UK,Battery,106,Power,48.539336285906685
UK,Battery,107,Power,48.29663960447715
UK,Battery,108,Power,42.67366053845037
UK,Battery,109,Power,23.941773717239602
UK,Battery,110,Power,5.303546330134889
UK,Battery,111,Power,0.0
UK,Battery,112,Power,0.0
UK,Battery,113,Power,9.627813258746336
UK,Battery,114,Power,20.084137455198935
UK,Battery,115,Power,20.786567804669264
UK,Battery,116,Power,27.037651900392238
UK,Battery,117,Power,35.612587903636616
UK,Battery,118,Power,35.43452496411843
UK,Battery,119,Power,35.25735233929784
UK,Battery,120,Power,25.0
UK,PHS,1,Power,97.93921568627451
UK,PHS,2,Power,95.88049215686274
UK,PHS,3,Power,93.8238273509804
UK,PHS,4,Power,91.76921920990392
UK,PHS,5,Power,89.71666567696852
UK,PHS,6,Power,87.66616469756605
UK,PHS,7,Power,85.61771421914298
UK,PHS,8,Power,83.57131219119836
UK,PHS,9,Power,83.48774087900716
UK,PHS,10,Power,84.90425313812815
UK,PHS,11,Power,86.31934888499002
UK,PHS,12,Power,86.23302953610504
UK,PHS,13,Power,86.14679650656893
UK,PHS,14,Power,84.09986539633687
UK,PHS,15,Power,82.05498121721504
UK,PHS,16,Power,80.01214192227235
UK,PHS,17,Power,77.9713454666246
UK,PHS,18,Power,75.93258980743249
UK,PHS,19,Power,73.89587290389957
UK,PHS,20,Power,71.86119271727017
UK,PHS,21,Power,69.82854721082742
UK,PHS,22,Power,67.79793434989111
UK,PHS,23,Power,65.76935210181571
UK,PHS,24,Power,63.74279843598841
UK,PHS,25,Power,61.71827132382693
UK,PHS,26,Power,59.695768738777616
UK,PHS,27,Power,57.67528865631335
UK,PHS,28,Power,55.656829053931546
UK,PHS,29,Power,53.640387911152125
UK,PHS,30,Power,51.62596320951548
UK,PHS,31,Power,49.613552932580475
UK,PHS,32,Power,49.56393937964789
UK,PHS,33,Power,49.514375440268246
UK,PHS,34,Power,50.96486106482798
UK,PHS,35,Power,52.41389620376315
UK,PHS,36,Power,53.86148230755939
UK,PHS,37,Power,55.30762082525183
UK,PHS,38,Power,55.25231320442658
UK,PHS,39,Power,55.19706089122215
UK,PHS,40,Power,55.14186383033093
UK,PHS,41,Power,55.0867219665006
UK,PHS,42,Power,56.531635244534094
UK,PHS,43,Power,57.97510360928956
UK,PHS,44,Power,59.417128505680274
UK,PHS,45,Power,60.857711377174596
UK,PHS,46,Power,60.79685366579742
UK,PHS,47,Power,60.73605681213162
UK,PHS,48,Power,60.67532075531949
UK,PHS,49,Power,60.61464543456417
UK,PHS,50,Power,60.554030789129605
UK,PHS,51,Power,60.49347675834048
UK,PHS,52,Power,60.43298328158214
UK,PHS,53,Power,60.37255029830056
UK,PHS,54,Power,60.312177748002256
UK,PHS,55,Power,60.25186557025425
UK,PHS,56,Power,60.191613704684
UK,PHS,57,Power,60.13142209097932
UK,PHS,58,Power,60.07129066888834
UK,PHS,59,Power,60.01121937821945
UK,PHS,60,Power,59.95120815884123
UK,PHS,61,Power,59.89125695068239
UK,PHS,62,Power,59.831365693731705
UK,PHS,63,Power,59.77153432803797
UK,PHS,64,Power,59.71176279370994
UK,PHS,65,Power,59.652051030916226
UK,PHS,66,Power,59.59239897988531
UK,PHS,67,Power,59.53280658090542
UK,PHS,68,Power,59.47327377432452
UK,PHS,69,Power,59.413800500550195
UK,PHS,70,Power,59.354386700049645
UK,PHS,71,Power,59.295032313349594
UK,PHS,72,Power,59.23573728103624
UK,PHS,73,Power,59.17650154375521
UK,PHS,74,Power,59.117325042211455
UK,PHS,75,Power,60.558207717169246
UK,PHS,76,Power,60.69729797408106
UK,PHS,77,Power,62.13660067610698
UK,PHS,78,Power,62.074464075430875
UK,PHS,79,Power,62.012389611355445
UK,PHS,80,Power,61.95037722174409
UK,PHS,81,Power,63.38842684452235
UK,PHS,82,Power,64.82503841767783
UK,PHS,83,Power,66.26021337926015
UK,PHS,84,Power,66.19395316588088
UK,PHS,85,Power,67.627759212715
UK,PHS,86,Power,69.0601314535023
UK,PHS,87,Power,70.4910713220488
UK,PHS,88,Power,70.42058025072674
UK,PHS,89,Power,70.35015967047602
UK,PHS,90,Power,71.77980951080553
UK,PHS,91,Power,73.20802970129473
UK,PHS,92,Power,73.13482167159344
UK,PHS,93,Power,74.56168684992186
UK,PHS,94,Power,75.98712516307194
UK,PHS,95,Power,77.41113803790887
UK,PHS,96,Power,77.33372689987097
UK,PHS,97,Power,77.45679268382207
UK,PHS,98,Power,78.87933589113825
UK,PHS,99,Power,80.30045655524711
UK,PHS,100,Power,81.72015609869186
UK,PHS,101,Power,83.13843594259316
UK,PHS,102,Power,84.55529750665058
UK,PHS,103,Power,85.97074220914392
UK,PHS,104,Power,87.38477146693478
UK,PHS,105,Power,88.79738669546785
UK,PHS,106,Power,90.20858930877239
UK,PHS,107,Power,91.61838071946362
UK,PHS,108,Power,91.52676233874415
UK,PHS,109,Power,89.4744512626799
UK,PHS,110,Power,87.42419249769175
UK,PHS,111,Power,87.33676830519406
UK,PHS,112,Power,88.74943153688885
UK,PHS,113,Power,90.16068210535195
UK,PHS,114,Power,91.5705214232466
UK,PHS,115,Power,92.97895090182334
UK,PHS,116,Power,94.38597195092152
UK,PHS,117,Power,95.79158597897059
UK,PHS,118,Power,97.1957943929916
UK,PHS,119,Power,98.5985985985986
UK,PHS,120,Power,100.0
UK,H2Tank,1,H2,20.474493682544452
UK,H2Tank,2,H2,19.095399248680078
UK,H2Tank,3,H2,18.0953125611959
UK,H2Tank,4,H2,17.464758426432414
UK,H2Tank,5,H2,15.70665624618784
UK,H2Tank,6,H2,12.792580439483661
UK,H2Tank,7,H2,6.713791051191739
UK,H2Tank,8,H2,2.929193739853425
UK,H2Tank,9,H2,0.829860027821456
UK,H2Tank,10,H2,0.0
UK,H2Tank,11,H2,0.10565102276348293
UK,H2Tank,12,H2,3.2551536578693367
UK,H2Tank,13,H2,6.405130365615913
UK,H2Tank,14,H2,6.405130365615913
UK,H2Tank,15,H2,7.512129783725509
UK,H2Tank,16,H2,9.61108722604868
UK,H2Tank,17,H2,11.889623276203618
UK,H2Tank,18,H2,14.168159326358557
UK,H2Tank,19,H2,16.267116768681728
UK,H2Tank,20,H2,17.89574928573122
UK,H2Tank,21,H2,19.00274870384082
UK,H2Tank,22,H2,19.00274870384082
UK,H2Tank,23,H2,18.00266201635664
UK,H2Tank,24,H2,14.70010337184374
UK,H2Tank,25,H2,10.611103936430979
UK,H2Tank,26,H2,9.232009502566605
UK,H2Tank,27,H2,8.231925861565712
UK,H2Tank,28,H2,7.601371726802228
UK,H2Tank,29,H2,5.843269546557654
UK,H2Tank,30,H2,2.929193739853475
UK,H2Tank,31,H2,2.929193739853475
UK,H2Tank,32,H2,2.929193739853475
UK,H2Tank,33,H2,0.829860027821456
UK,H2Tank,34,H2,0.0
UK,H2Tank,35,H2,0.10565303410695186
UK,H2Tank,36,H2,3.2551585416819186
UK,H2Tank,37,H2,6.40513705164145
UK,H2Tank,38,H2,6.40513705164145
UK,H2Tank,39,H2,7.512137204783293
UK,H2Tank,40,H2,9.611094661205037
UK,H2Tank,41,H2,11.889630711359976
UK,H2Tank,42,H2,15.040266761514914
UK,H2Tank,43,H2,18.190874203838085
UK,H2Tank,44,H2,21.34140672088758
UK,H2Tank,45,H2,24.491856579483013
UK,H2Tank,46,H2,24.491856579483013
UK,H2Tank,47,H2,24.491856579483013
UK,H2Tank,48,H2,24.491856579483013
UK,H2Tank,49,H2,24.491856579483013
UK,H2Tank,50,H2,24.491856579483013
UK,H2Tank,51,H2,22.299026453703494
UK,H2Tank,52,H2,17.688899312478462
UK,H2Tank,53,H2,15.154456912193568
UK,H2Tank,54,H2,15.154456912193568
UK,H2Tank,55,H2,14.864088576533224
UK,H2Tank,56,H2,10.888339752776533
UK,H2Tank,57,H2,4.809433034283003
UK,H2Tank,58,H2,-0.0
UK,H2Tank,59,H2,-0.0
UK,H2Tank,60,H2,-0.0
UK,H2Tank,61,H2,0.0
UK,H2Tank,62,H2,-0.0
UK,H2Tank,63,H2,1.1069994181095963
UK,H2Tank,64,H2,3.2059568604327673
UK,H2Tank,65,H2,5.484492910587706
UK,H2Tank,66,H2,7.763028960742645
UK,H2Tank,67,H2,9.861986403065815
UK,H2Tank,68,H2,11.49061892011531
UK,H2Tank,69,H2,12.597618338224907
UK,H2Tank,70,H2,12.597618338224907
UK,H2Tank,71,H2,12.597618338224907
UK,H2Tank,72,H2,12.597618338224907
UK,H2Tank,73,H2,12.318498782909371
UK,H2Tank,74,H2,12.318498782909371
UK,H2Tank,75,H2,15.468058658574517
UK,H2Tank,76,H2,15.468058658574517
UK,H2Tank,77,H2,18.61750680257224
UK,H2Tank,78,H2,18.61750680257224
UK,H2Tank,79,H2,18.327138466911897
UK,H2Tank,80,H2,14.351389643155208
UK,H2Tank,81,H2,8.272482924661679
UK,H2Tank,82,H2,3.4630498903786755
UK,H2Tank,83,H2,3.5687009131421585
UK,H2Tank,84,H2,3.5687009131421585
UK,H2Tank,85,H2,6.7186776208887355
UK,H2Tank,86,H2,9.868947218341507
UK,H2Tank,87,H2,13.01939737148335
UK,H2Tank,88,H2,15.118355192086714
UK,H2Tank,89,H2,17.396891555937422
UK,H2Tank,90,H2,19.675427606092363
UK,H2Tank,91,H2,21.774385048415535
UK,H2Tank,92,H2,23.403017565465024
UK,H2Tank,93,H2,24.510017718606868
UK,H2Tank,94,H2,24.510017718606868
UK,H2Tank,95,H2,24.510017718606868
UK,H2Tank,96,H2,24.510017718606868
UK,H2Tank,97,H2,24.510017718606868
UK,H2Tank,98,H2,24.510017718606868
UK,H2Tank,99,H2,24.510017718606868
UK,H2Tank,100,H2,24.510017718606868
UK,H2Tank,101,H2,24.510017718606868
UK,H2Tank,102,H2,24.510017718606868
UK,H2Tank,103,H2,24.21964938294652
UK,H2Tank,104,H2,20.243900559189832
UK,H2Tank,105,H2,14.164993840696303
UK,H2Tank,106,H2,9.3555608064133
UK,H2Tank,107,H2,9.3555608064133
UK,H2Tank,108,H2,3.9968933660873764
UK,H2Tank,109,H2,1.935593319269179
UK,H2Tank,110,H2,1.911461173501034
UK,H2Tank,111,H2,1.9612211418216328
UK,H2Tank,112,H2,4.060178962424997
UK,H2Tank,113,H2,7.210815326275706
UK,H2Tank,114,H2,10.361451376430646
UK,H2Tank,115,H2,13.512058818753816
UK,H2Tank,116,H2,16.66259133580331
UK,H2Tank,117,H2,19.813041488945153
UK,H2Tank,118,H2,22.401931370614385
UK,H2Tank,119,H2,22.401931370614385
UK,H2Tank,120,H2,22.401931370614385
